match_id,team,outcome,position_group,action_share,action_count
3857276,Canada,loss,Goalkeeper,0.034782608695652174,28
3857276,Canada,loss,Defender,0.4670807453416149,376
3857276,Canada,loss,Midfielder,0.4298136645962733,346
3857276,Canada,loss,Forward,0.06832298136645963,55
3857276,Morocco,win,Goalkeeper,0.056851311953352766,39
3857276,Morocco,win,Defender,0.3717201166180758,255
3857276,Morocco,win,Midfielder,0.2886297376093295,198
3857276,Morocco,win,Forward,0.282798833819242,194
3857271,England,win,Goalkeeper,0.028598665395614873,30
3857271,England,win,Defender,0.4804575786463298,504
3857271,England,win,Midfielder,0.32411820781696854,340
3857271,England,win,Forward,0.16682554814108674,175
3857271,Iran,loss,Goalkeeper,0.052941176470588235,27
3857271,Iran,loss,Defender,0.47843137254901963,244
3857271,Iran,loss,Midfielder,0.2647058823529412,135
3857271,Iran,loss,Forward,0.20392156862745098,104
3857296,Croatia,draw,Goalkeeper,0.043478260869565216,39
3857296,Croatia,draw,Defender,0.40245261984392416,361
3857296,Croatia,draw,Midfielder,0.32887402452619846,295
3857296,Croatia,draw,Forward,0.22519509476031216,202
3857296,Belgium,draw,Goalkeeper,0.04576659038901602,40
3857296,Belgium,draw,Defender,0.5125858123569794,448
3857296,Belgium,draw,Midfielder,0.2459954233409611,215
3857296,Belgium,draw,Forward,0.1956521739130435,171
3857274,Netherlands,draw,Goalkeeper,0.05818181818181818,48
3857274,Netherlands,draw,Defender,0.5236363636363637,432
3857274,Netherlands,draw,Midfielder,0.3090909090909091,255
3857274,Netherlands,draw,Forward,0.10909090909090909,90
3857274,Ecuador,draw,Goalkeeper,0.030495552731893267,24
3857274,Ecuador,draw,Defender,0.4841168996188056,381
3857274,Ecuador,draw,Midfielder,0.4218551461245235,332
3857274,Ecuador,draw,Forward,0.06353240152477764,50
3857255,Japan,win,Goalkeeper,0.04377104377104377,26
3857255,Japan,win,Defender,0.42424242424242425,252
3857255,Japan,win,Midfielder,0.2222222222222222,132
3857255,Japan,win,Forward,0.30976430976430974,184
3857255,Spain,loss,Goalkeeper,0.030303030303030304,39
3857255,Spain,loss,Defender,0.5625485625485626,724
3857255,Spain,loss,Midfielder,0.2634032634032634,339
3857255,Spain,loss,Forward,0.14374514374514374,185
3857272,England,draw,Goalkeeper,0.03969270166453265,31
3857272,England,draw,Defender,0.5096030729833547,398
3857272,England,draw,Midfielder,0.2740076824583867,214
3857272,England,draw,Forward,0.176696542893726,138
3857272,United States,draw,Goalkeeper,0.057534246575342465,42
3857272,United States,draw,Defender,0.436986301369863,319
3857272,United States,draw,Midfielder,0.3780821917808219,276
3857272,United States,draw,Forward,0.1273972602739726,93
3857278,Iran,loss,Goalkeeper,0.03647798742138365,29
3857278,Iran,loss,Defender,0.4691823899371069,373
3857278,Iran,loss,Midfielder,0.40125786163522015,319
3857278,Iran,loss,Forward,0.0930817610062893,74
3857278,United States,win,Goalkeeper,0.05093167701863354,41
3857278,United States,win,Defender,0.41739130434782606,336
3857278,United States,win,Midfielder,0.337888198757764,272
3857278,United States,win,Forward,0.1937888198757764,156
3857277,Morocco,draw,Goalkeeper,0.04694167852062589,33
3857277,Morocco,draw,Defender,0.40540540540540543,285
3857277,Morocco,draw,Midfielder,0.4722617354196302,332
3857277,Morocco,draw,Forward,0.07539118065433854,53
3857277,Croatia,draw,Goalkeeper,0.03399122807017544,31
3857277,Croatia,draw,Defender,0.43859649122807015,400
3857277,Croatia,draw,Midfielder,0.36622807017543857,334
3857277,Croatia,draw,Forward,0.1611842105263158,147
3857273,Wales,loss,Goalkeeper,0.06427688504326329,52
3857273,Wales,loss,Defender,0.5067985166872683,410
3857273,Wales,loss,Midfielder,0.31025957972805934,251
3857273,Wales,loss,Forward,0.11866501854140915,96
3857273,Iran,win,Goalkeeper,0.05029585798816568,34
3857273,Iran,win,Defender,0.386094674556213,261
3857273,Iran,win,Midfielder,0.5,338
3857273,Iran,win,Forward,0.06360946745562131,43
3857275,Tunisia,win,Goalkeeper,0.025078369905956112,16
3857275,Tunisia,win,Defender,0.48746081504702193,311
3857275,Tunisia,win,Midfielder,0.41849529780564265,267
3857275,Tunisia,win,Forward,0.06896551724137931,44
3857275,France,loss,Goalkeeper,0.042081949058693245,38
3857275,France,loss,Defender,0.4584717607973422,414
3857275,France,loss,Midfielder,0.3133997785160576,283
3857275,France,loss,Forward,0.18604651162790697,168
3857261,Wales,loss,Goalkeeper,0.059726962457337884,35
3857261,Wales,loss,Defender,0.41638225255972694,244
3857261,Wales,loss,Midfielder,0.31399317406143346,184
3857261,Wales,loss,Forward,0.2098976109215017,123
3857261,England,win,Goalkeeper,0.04177215189873418,33
3857261,England,win,Defender,0.46835443037974683,370
3857261,England,win,Midfielder,0.29620253164556964,234
3857261,England,win,Forward,0.19367088607594937,153
3857290,Switzerland,win,Goalkeeper,0.046365914786967416,37
3857290,Switzerland,win,Defender,0.4298245614035088,343
3857290,Switzerland,win,Midfielder,0.2844611528822055,227
3857290,Switzerland,win,Forward,0.23934837092731828,191
3857290,Cameroon,loss,Goalkeeper,0.07758620689655173,63
3857290,Cameroon,loss,Defender,0.3805418719211823,309
3857290,Cameroon,loss,Midfielder,0.30295566502463056,246
3857290,Cameroon,loss,Forward,0.23891625615763548,194
3857298,Portugal,win,Goalkeeper,0.04100227790432802,36
3857298,Portugal,win,Defender,0.4157175398633257,365
3857298,Portugal,win,Midfielder,0.35876993166287013,315
3857298,Portugal,win,Forward,0.1845102505694761,162
3857298,Ghana,loss,Goalkeeper,0.04354136429608128,30
3857298,Ghana,loss,Defender,0.4702467343976778,324
3857298,Ghana,loss,Midfielder,0.3613933236574746,249
3857298,Ghana,loss,Forward,0.12481857764876633,86
3857285,Senegal,loss,Goalkeeper,0.05718475073313783,39
3857285,Senegal,loss,Defender,0.41935483870967744,286
3857285,Senegal,loss,Midfielder,0.32991202346041054,225
3857285,Senegal,loss,Forward,0.1935483870967742,132
3857285,Netherlands,win,Goalkeeper,0.04160688665710186,29
3857285,Netherlands,win,Defender,0.5308464849354376,370
3857285,Netherlands,win,Midfielder,0.3084648493543759,215
3857285,Netherlands,win,Forward,0.11908177905308465,83
3857282,United States,draw,Goalkeeper,0.03854875283446712,34
3857282,United States,draw,Defender,0.46598639455782315,411
3857282,United States,draw,Midfielder,0.31746031746031744,280
3857282,United States,draw,Forward,0.17800453514739228,157
3857282,Wales,draw,Goalkeeper,0.046831955922865015,34
3857282,Wales,draw,Defender,0.5344352617079889,388
3857282,Wales,draw,Midfielder,0.2975206611570248,216
3857282,Wales,draw,Forward,0.12121212121212122,88
3857297,Poland,win,Goalkeeper,0.08199643493761141,46
3857297,Poland,win,Defender,0.37254901960784315,209
3857297,Poland,win,Midfielder,0.40463458110516937,227
3857297,Poland,win,Forward,0.1408199643493761,79
3857297,Saudi Arabia,loss,Goalkeeper,0.03477218225419664,29
3857297,Saudi Arabia,loss,Defender,0.4184652278177458,349
3857297,Saudi Arabia,loss,Midfielder,0.3345323741007194,279
3857297,Saudi Arabia,loss,Forward,0.21223021582733814,177
3857294,Netherlands,win,Goalkeeper,0.031279620853080566,33
3857294,Netherlands,win,Defender,0.5393364928909953,569
3857294,Netherlands,win,Midfielder,0.30995260663507107,327
3857294,Netherlands,win,Forward,0.11943127962085308,126
3857294,Qatar,loss,Goalkeeper,0.048409405255878286,35
3857294,Qatar,loss,Defender,0.41632088520055327,301
3857294,Qatar,loss,Midfielder,0.3360995850622407,243
3857294,Qatar,loss,Forward,0.1991701244813278,144
3857266,France,win,Goalkeeper,0.04749679075738126,37
3857266,France,win,Defender,0.43517329910141206,339
3857266,France,win,Midfielder,0.3337612323491656,260
3857266,France,win,Forward,0.18356867779204109,143
3857266,Denmark,loss,Goalkeeper,0.023370233702337023,19
3857266,Denmark,loss,Defender,0.5215252152521526,424
3857266,Denmark,loss,Midfielder,0.25338253382533826,206
3857266,Denmark,loss,Forward,0.2017220172201722,164
3857284,Germany,loss,Goalkeeper,0.05625606207565471,58
3857284,Germany,loss,Defender,0.4713870029097963,486
3857284,Germany,loss,Midfielder,0.29194956353055285,301
3857284,Germany,loss,Forward,0.18040737148399613,186
3857284,Japan,win,Goalkeeper,0.05845181674565561,37
3857284,Japan,win,Defender,0.42022116903633494,266
3857284,Japan,win,Midfielder,0.2890995260663507,183
3857284,Japan,win,Forward,0.23222748815165878,147
3857254,Denmark,draw,Goalkeeper,0.04081632653061224,36
3857254,Denmark,draw,Defender,0.5034013605442177,444
3857254,Denmark,draw,Midfielder,0.3378684807256236,298
3857254,Denmark,draw,Forward,0.11791383219954649,104
3857254,Tunisia,draw,Goalkeeper,0.06205923836389281,44
3857254,Tunisia,draw,Defender,0.4922425952045134,349
3857254,Tunisia,draw,Midfielder,0.21297602256699577,151
3857254,Tunisia,draw,Forward,0.23272214386459802,165
3857265,Mexico,draw,Goalkeeper,0.051347881899871634,40
3857265,Mexico,draw,Defender,0.4326059050064185,337
3857265,Mexico,draw,Midfielder,0.306803594351733,239
3857265,Mexico,draw,Forward,0.2092426187419769,163
3857265,Poland,draw,Goalkeeper,0.0703125,45
3857265,Poland,draw,Defender,0.3703125,237
3857265,Poland,draw,Midfielder,0.4703125,301
3857265,Poland,draw,Forward,0.0890625,57
3857301,Qatar,loss,Goalkeeper,0.049586776859504134,36
3857301,Qatar,loss,Defender,0.5082644628099173,369
3857301,Qatar,loss,Midfielder,0.2892561983471074,210
3857301,Qatar,loss,Forward,0.15289256198347106,111
3857301,Senegal,win,Goalkeeper,0.04020100502512563,32
3857301,Senegal,win,Defender,0.46984924623115576,374
3857301,Senegal,win,Midfielder,0.27638190954773867,220
3857301,Senegal,win,Forward,0.2135678391959799,170
3857268,Belgium,win,Goalkeeper,0.07152317880794702,54
3857268,Belgium,win,Defender,0.5377483443708609,406
3857268,Belgium,win,Midfielder,0.33642384105960266,254
3857268,Belgium,win,Forward,0.054304635761589407,41
3857268,Canada,loss,Goalkeeper,0.05689900426742532,40
3857268,Canada,loss,Defender,0.4850640113798009,341
3857268,Canada,loss,Midfielder,0.3883357041251778,273
3857268,Canada,loss,Forward,0.06970128022759602,49
3857269,Brazil,win,Goalkeeper,0.02650602409638554,22
3857269,Brazil,win,Defender,0.5084337349397591,422
3857269,Brazil,win,Midfielder,0.4,332
3857269,Brazil,win,Forward,0.06506024096385542,54
3857269,Switzerland,loss,Goalkeeper,0.07352941176470588,55
3857269,Switzerland,loss,Defender,0.4585561497326203,343
3857269,Switzerland,loss,Midfielder,0.2647058823529412,198
3857269,Switzerland,loss,Forward,0.20320855614973263,152
3869321,Netherlands,draw,Goalkeeper,0.05988593155893536,63
3869321,Netherlands,draw,Defender,0.4553231939163498,479
3869321,Netherlands,draw,Midfielder,0.3231939163498099,340
3869321,Netherlands,draw,Forward,0.16159695817490494,170
3869321,Argentina,draw,Goalkeeper,0.044147843942505136,43
3869321,Argentina,draw,Defender,0.45687885010266943,445
3869321,Argentina,draw,Midfielder,0.34291581108829566,334
3869321,Argentina,draw,Forward,0.15605749486652978,152
3857292,Costa Rica,loss,Goalkeeper,0.060790273556231005,40
3857292,Costa Rica,loss,Defender,0.40577507598784196,267
3857292,Costa Rica,loss,Midfielder,0.20212765957446807,133
3857292,Costa Rica,loss,Forward,0.331306990881459,218
3857292,Germany,win,Goalkeeper,0.03216374269005848,33
3857292,Germany,win,Defender,0.47173489278752434,484
3857292,Germany,win,Midfielder,0.3304093567251462,339
3857292,Germany,win,Forward,0.16569200779727095,170
3857295,Japan,loss,Goalkeeper,0.02534562211981567,22
3857295,Japan,loss,Defender,0.5046082949308756,438
3857295,Japan,loss,Midfielder,0.29838709677419356,259
3857295,Japan,loss,Forward,0.1716589861751152,149
3857295,Costa Rica,win,Goalkeeper,0.06658130601792574,52
3857295,Costa Rica,win,Defender,0.4673495518565941,365
3857295,Costa Rica,win,Midfielder,0.2176696542893726,170
3857295,Costa Rica,win,Forward,0.24839948783610755,194
3869685,Argentina,draw,Goalkeeper,0.03481624758220503,36
3869685,Argentina,draw,Defender,0.38781431334622823,401
3869685,Argentina,draw,Midfielder,0.3346228239845261,346
3869685,Argentina,draw,Forward,0.24274661508704062,251
3869685,France,draw,Goalkeeper,0.04643628509719223,43
3869685,France,draw,Defender,0.4146868250539957,384
3869685,France,draw,Midfielder,0.357451403887689,331
3869685,France,draw,Forward,0.18142548596112312,168
3869684,Croatia,win,Goalkeeper,0.049531459170013385,37
3869684,Croatia,win,Defender,0.40562248995983935,303
3869684,Croatia,win,Midfielder,0.3279785809906292,245
3869684,Croatia,win,Forward,0.21686746987951808,162
3869684,Morocco,loss,Goalkeeper,0.06735751295336788,52
3869684,Morocco,loss,Defender,0.43523316062176165,336
3869684,Morocco,loss,Midfielder,0.2772020725388601,214
3869684,Morocco,loss,Forward,0.22020725388601037,170
3857256,Serbia,loss,Goalkeeper,0.07046070460704607,52
3857256,Serbia,loss,Defender,0.5392953929539296,398
3857256,Serbia,loss,Midfielder,0.2981029810298103,220
3857256,Serbia,loss,Forward,0.0921409214092141,68
3857256,Switzerland,win,Goalkeeper,0.05120481927710843,34
3857256,Switzerland,win,Defender,0.42771084337349397,284
3857256,Switzerland,win,Midfielder,0.28463855421686746,189
3857256,Switzerland,win,Forward,0.23644578313253012,157
3869151,Argentina,win,Goalkeeper,0.032355915065722954,32
3869151,Argentina,win,Defender,0.44590495449949447,441
3869151,Argentina,win,Midfielder,0.3619817997977755,358
3869151,Argentina,win,Forward,0.1597573306370071,158
3869151,Australia,loss,Goalkeeper,0.07045735475896168,57
3869151,Australia,loss,Defender,0.43139678615574784,349
3869151,Australia,loss,Midfielder,0.3411619283065513,276
3869151,Australia,loss,Forward,0.15698393077873918,127
3857257,Australia,win,Goalkeeper,0.07525083612040134,45
3857257,Australia,win,Defender,0.3712374581939799,222
3857257,Australia,win,Midfielder,0.31438127090301005,188
3857257,Australia,win,Forward,0.2391304347826087,143
3857257,Denmark,loss,Goalkeeper,0.04815573770491803,47
3857257,Denmark,loss,Defender,0.49077868852459017,479
3857257,Denmark,loss,Midfielder,0.3073770491803279,300
3857257,Denmark,loss,Forward,0.15368852459016394,150
3857258,Brazil,win,Goalkeeper,0.041811846689895474,36
3857258,Brazil,win,Defender,0.43902439024390244,378
3857258,Brazil,win,Midfielder,0.3042973286875726,262
3857258,Brazil,win,Forward,0.2148664343786295,185
3857258,Serbia,loss,Goalkeeper,0.07172995780590717,51
3857258,Serbia,loss,Defender,0.46272855133614627,329
3857258,Serbia,loss,Midfielder,0.38255977496483823,272
3857258,Serbia,loss,Forward,0.0829817158931083,59
3857288,Tunisia,loss,Goalkeeper,0.027745664739884393,24
3857288,Tunisia,loss,Defender,0.5190751445086705,449
3857288,Tunisia,loss,Midfielder,0.30520231213872834,264
3857288,Tunisia,loss,Forward,0.14797687861271677,128
3857288,Australia,win,Goalkeeper,0.06205923836389281,44
3857288,Australia,win,Defender,0.3540197461212976,251
3857288,Australia,win,Midfielder,0.4104372355430183,291
3857288,Australia,win,Forward,0.17348377997179126,123
3857267,Ecuador,loss,Goalkeeper,0.06433566433566433,46
3857267,Ecuador,loss,Defender,0.509090909090909,364
3857267,Ecuador,loss,Midfielder,0.3104895104895105,222
3857267,Ecuador,loss,Forward,0.11608391608391608,83
3857267,Senegal,win,Goalkeeper,0.05631399317406143,33
3857267,Senegal,win,Defender,0.3771331058020478,221
3857267,Senegal,win,Midfielder,0.3412969283276451,200
3857267,Senegal,win,Forward,0.22525597269624573,132
3857287,Uruguay,draw,Goalkeeper,0.02937576499388005,24
3857287,Uruguay,draw,Defender,0.4810281517747858,393
3857287,Uruguay,draw,Midfielder,0.37209302325581395,304
3857287,Uruguay,draw,Forward,0.1175030599755202,96
3857287,South Korea,draw,Goalkeeper,0.05150214592274678,36
3857287,South Korea,draw,Defender,0.3605150214592275,252
3857287,South Korea,draw,Midfielder,0.3605150214592275,252
3857287,South Korea,draw,Forward,0.22746781115879827,159
3869486,Morocco,win,Goalkeeper,0.06371681415929203,36
3869486,Morocco,win,Defender,0.3805309734513274,215
3869486,Morocco,win,Midfielder,0.39646017699115044,224
3869486,Morocco,win,Forward,0.1592920353982301,90
3869486,Portugal,loss,Goalkeeper,0.03236607142857143,29
3869486,Portugal,loss,Defender,0.4341517857142857,389
3869486,Portugal,loss,Midfielder,0.35714285714285715,320
3869486,Portugal,loss,Forward,0.17633928571428573,158
3857260,Saudi Arabia,loss,Goalkeeper,0.08414239482200647,52
3857260,Saudi Arabia,loss,Defender,0.42394822006472493,262
3857260,Saudi Arabia,loss,Midfielder,0.2459546925566343,152
3857260,Saudi Arabia,loss,Forward,0.2459546925566343,152
3857260,Mexico,win,Goalkeeper,0.06794871794871794,53
3857260,Mexico,win,Defender,0.41025641025641024,320
3857260,Mexico,win,Midfielder,0.3371794871794872,263
3857260,Mexico,win,Forward,0.18461538461538463,144
3857264,Poland,loss,Goalkeeper,0.07001795332136446,39
3857264,Poland,loss,Defender,0.3859964093357271,215
3857264,Poland,loss,Midfielder,0.38240574506283664,213
3857264,Poland,loss,Forward,0.1615798922800718,90
3857264,Argentina,win,Goalkeeper,0.017225747960108794,19
3857264,Argentina,win,Defender,0.3844061650045331,424
3857264,Argentina,win,Midfielder,0.386219401631913,426
3857264,Argentina,win,Forward,0.21214868540344514,234
3857289,Argentina,win,Goalkeeper,0.0379746835443038,30
3857289,Argentina,win,Defender,0.43037974683544306,340
3857289,Argentina,win,Midfielder,0.39746835443037976,314
3857289,Argentina,win,Forward,0.1341772151898734,106
3857289,Mexico,loss,Goalkeeper,0.04819277108433735,32
3857289,Mexico,loss,Defender,0.45933734939759036,305
3857289,Mexico,loss,Midfielder,0.3132530120481928,208
3857289,Mexico,loss,Forward,0.17921686746987953,119
3869254,Portugal,win,Goalkeeper,0.04581151832460733,35
3869254,Portugal,win,Defender,0.35602094240837695,272
3869254,Portugal,win,Midfielder,0.3298429319371728,252
3869254,Portugal,win,Forward,0.2683246073298429,205
3869254,Switzerland,loss,Goalkeeper,0.05131761442441054,37
3869254,Switzerland,loss,Defender,0.5201109570041609,375
3869254,Switzerland,loss,Midfielder,0.32038834951456313,231
3869254,Switzerland,loss,Forward,0.10818307905686546,78
3869118,England,win,Goalkeeper,0.0645933014354067,54
3869118,England,win,Defender,0.46411483253588515,388
3869118,England,win,Midfielder,0.26435406698564595,221
3869118,England,win,Forward,0.2069377990430622,173
3869118,Senegal,loss,Goalkeeper,0.04573170731707317,30
3869118,Senegal,loss,Defender,0.44664634146341464,293
3869118,Senegal,loss,Midfielder,0.3125,205
3869118,Senegal,loss,Forward,0.1951219512195122,128
3869519,Argentina,win,Goalkeeper,0.038821954484605084,29
3869519,Argentina,win,Defender,0.3467202141900937,259
3869519,Argentina,win,Midfielder,0.42168674698795183,315
3869519,Argentina,win,Forward,0.1927710843373494,144
3869519,Croatia,loss,Goalkeeper,0.043173862310385065,37
3869519,Croatia,loss,Defender,0.411901983663944,353
3869519,Croatia,loss,Midfielder,0.37689614935822635,323
3869519,Croatia,loss,Forward,0.16802800466744458,144
3869354,England,loss,Goalkeeper,0.037227214377406934,29
3869354,England,loss,Defender,0.441591784338896,344
3869354,England,loss,Midfielder,0.3157894736842105,246
3869354,England,loss,Forward,0.20539152759948653,160
3869354,France,win,Goalkeeper,0.04739336492890995,30
3869354,France,win,Defender,0.4028436018957346,255
3869354,France,win,Midfielder,0.320695102685624,203
3869354,France,win,Forward,0.22906793048973143,145
3869552,France,win,Goalkeeper,0.04219409282700422,30
3869552,France,win,Defender,0.39943741209563993,284
3869552,France,win,Midfielder,0.32770745428973275,233
3869552,France,win,Forward,0.23066104078762306,164
3869552,Morocco,loss,Goalkeeper,0.038777908343125736,33
3869552,Morocco,loss,Defender,0.4712103407755582,401
3869552,Morocco,loss,Midfielder,0.3207990599294947,273
3869552,Morocco,loss,Forward,0.1692126909518214,144
3869420,Croatia,draw,Goalkeeper,0.04269449715370019,45
3869420,Croatia,draw,Defender,0.3709677419354839,391
3869420,Croatia,draw,Midfielder,0.41935483870967744,442
3869420,Croatia,draw,Forward,0.16698292220113853,176
3869420,Brazil,draw,Goalkeeper,0.03225806451612903,34
3869420,Brazil,draw,Defender,0.47343453510436434,499
3869420,Brazil,draw,Midfielder,0.44212523719165087,466
3869420,Brazil,draw,Forward,0.05218216318785579,55
3869220,Morocco,draw,Goalkeeper,0.06082036775106082,43
3869220,Morocco,draw,Defender,0.38755304101838756,274
3869220,Morocco,draw,Midfielder,0.27722772277227725,196
3869220,Morocco,draw,Forward,0.2743988684582744,194
3869220,Spain,draw,Goalkeeper,0.02844311377245509,38
3869220,Spain,draw,Defender,0.5456586826347305,729
3869220,Spain,draw,Midfielder,0.27694610778443113,370
3869220,Spain,draw,Forward,0.14895209580838323,199
3869219,Japan,draw,Goalkeeper,0.046637744034707156,43
3869219,Japan,draw,Defender,0.4804772234273319,443
3869219,Japan,draw,Midfielder,0.2386117136659436,220
3869219,Japan,draw,Forward,0.23427331887201736,216
3869219,Croatia,draw,Goalkeeper,0.045774647887323945,52
3869219,Croatia,draw,Defender,0.42077464788732394,478
3869219,Croatia,draw,Midfielder,0.35475352112676056,403
3869219,Croatia,draw,Forward,0.17869718309859156,203
3869253,Brazil,win,Goalkeeper,0.035211267605633804,30
3869253,Brazil,win,Defender,0.44014084507042256,375
3869253,Brazil,win,Midfielder,0.3145539906103286,268
3869253,Brazil,win,Forward,0.21009389671361503,179
3869253,South Korea,loss,Goalkeeper,0.038686987104337635,33
3869253,South Korea,loss,Defender,0.37631887456037516,321
3869253,South Korea,loss,Midfielder,0.5041031652989449,430
3869253,South Korea,loss,Forward,0.08089097303634232,69
3869152,France,win,Goalkeeper,0.038083538083538086,31
3869152,France,win,Defender,0.3894348894348894,317
3869152,France,win,Midfielder,0.36240786240786244,295
3869152,France,win,Forward,0.21007371007371006,171
3869152,Poland,loss,Goalkeeper,0.04613297150610583,34
3869152,Poland,loss,Defender,0.3894165535956581,287
3869152,Poland,loss,Midfielder,0.44369063772048845,327
3869152,Poland,loss,Forward,0.12075983717774763,89
3869117,Netherlands,win,Goalkeeper,0.06043956043956044,44
3869117,Netherlands,win,Defender,0.49175824175824173,358
3869117,Netherlands,win,Midfielder,0.30631868131868134,223
3869117,Netherlands,win,Forward,0.14148351648351648,103
3869117,United States,loss,Goalkeeper,0.030162412993039442,26
3869117,United States,loss,Defender,0.46403712296983757,400
3869117,United States,loss,Midfielder,0.3039443155452436,262
3869117,United States,loss,Forward,0.20185614849187936,174
3857270,Portugal,win,Goalkeeper,0.04964539007092199,42
3857270,Portugal,win,Defender,0.3817966903073286,323
3857270,Portugal,win,Midfielder,0.39361702127659576,333
3857270,Portugal,win,Forward,0.17494089834515367,148
3857270,Uruguay,loss,Goalkeeper,0.041237113402061855,28
3857270,Uruguay,loss,Defender,0.4521354933726068,307
3857270,Uruguay,loss,Midfielder,0.38291605301914583,260
3857270,Uruguay,loss,Forward,0.12371134020618557,84
3857263,Spain,draw,Goalkeeper,0.060674157303370786,54
3857263,Spain,draw,Defender,0.503370786516854,448
3857263,Spain,draw,Midfielder,0.23820224719101124,212
3857263,Spain,draw,Forward,0.19775280898876405,176
3857263,Germany,draw,Goalkeeper,0.06278026905829596,42
3857263,Germany,draw,Defender,0.452914798206278,303
3857263,Germany,draw,Midfielder,0.2556053811659193,171
3857263,Germany,draw,Forward,0.22869955156950672,153
3857259,Cameroon,draw,Goalkeeper,0.07503828483920368,49
3857259,Cameroon,draw,Defender,0.4165390505359878,272
3857259,Cameroon,draw,Midfielder,0.29096477794793263,190
3857259,Cameroon,draw,Forward,0.21745788667687596,142
3857259,Serbia,draw,Goalkeeper,0.053217821782178217,43
3857259,Serbia,draw,Defender,0.4715346534653465,381
3857259,Serbia,draw,Midfielder,0.40222772277227725,325
3857259,Serbia,draw,Forward,0.07301980198019802,59
3857283,Belgium,loss,Goalkeeper,0.0446927374301676,40
3857283,Belgium,loss,Defender,0.44581005586592176,399
3857283,Belgium,loss,Midfielder,0.3094972067039106,277
3857283,Belgium,loss,Forward,0.2,179
3857283,Morocco,win,Goalkeeper,0.050473186119873815,32
3857283,Morocco,win,Defender,0.40536277602523657,257
3857283,Morocco,win,Midfielder,0.29337539432176657,186
3857283,Morocco,win,Forward,0.250788643533123,159
3857286,Qatar,loss,Goalkeeper,0.039334341906202726,26
3857286,Qatar,loss,Defender,0.5521936459909228,365
3857286,Qatar,loss,Midfielder,0.27987897125567324,185
3857286,Qatar,loss,Forward,0.12859304084720122,85
3857286,Ecuador,win,Goalkeeper,0.02656042496679947,20
3857286,Ecuador,win,Defender,0.42895086321381143,323
3857286,Ecuador,win,Midfielder,0.3691899070385126,278
3857286,Ecuador,win,Forward,0.1752988047808765,132
3857300,Argentina,loss,Goalkeeper,0.03225806451612903,28
3857300,Argentina,loss,Defender,0.45852534562211983,398
3857300,Argentina,loss,Midfielder,0.41359447004608296,359
3857300,Argentina,loss,Forward,0.0956221198156682,83
3857300,Saudi Arabia,win,Goalkeeper,0.05719237435008666,33
3857300,Saudi Arabia,win,Defender,0.341421143847487,197
3857300,Saudi Arabia,win,Midfielder,0.49393414211438474,285
3857300,Saudi Arabia,win,Forward,0.10745233968804159,62
3857299,South Korea,loss,Goalkeeper,0.03248259860788863,28
3857299,South Korea,loss,Defender,0.425754060324826,367
3857299,South Korea,loss,Midfielder,0.3468677494199536,299
3857299,South Korea,loss,Forward,0.19489559164733178,168
3857299,Ghana,win,Goalkeeper,0.035493827160493825,23
3857299,Ghana,win,Defender,0.4182098765432099,271
3857299,Ghana,win,Midfielder,0.31635802469135804,205
3857299,Ghana,win,Forward,0.22993827160493827,149
3857293,Ghana,loss,Goalkeeper,0.038366336633663366,31
3857293,Ghana,loss,Defender,0.4306930693069307,348
3857293,Ghana,loss,Midfielder,0.3527227722772277,285
3857293,Ghana,loss,Forward,0.1782178217821782,144
3857293,Uruguay,win,Goalkeeper,0.04792746113989637,37
3857293,Uruguay,win,Defender,0.36139896373056996,279
3857293,Uruguay,win,Midfielder,0.4585492227979275,354
3857293,Uruguay,win,Forward,0.13212435233160622,102
3857291,Spain,win,Goalkeeper,0.030708661417322834,39
3857291,Spain,win,Defender,0.4755905511811024,604
3857291,Spain,win,Midfielder,0.32677165354330706,415
3857291,Spain,win,Forward,0.16692913385826771,212
3857291,Costa Rica,loss,Goalkeeper,0.05813953488372093,30
3857291,Costa Rica,loss,Defender,0.45348837209302323,234
3857291,Costa Rica,loss,Midfielder,0.2364341085271318,122
3857291,Costa Rica,loss,Forward,0.25193798449612403,130
3857281,Croatia,win,Goalkeeper,0.027194066749072928,22
3857281,Croatia,win,Defender,0.37453646477132263,303
3857281,Croatia,win,Midfielder,0.35970333745364647,291
3857281,Croatia,win,Forward,0.23856613102595797,193
3857281,Canada,loss,Goalkeeper,0.058823529411764705,47
3857281,Canada,loss,Defender,0.43679599499374216,349
3857281,Canada,loss,Midfielder,0.37797246558197745,302
3857281,Canada,loss,Forward,0.12640801001251564,101
3857280,Cameroon,win,Goalkeeper,0.08080808080808081,48
3857280,Cameroon,win,Defender,0.37373737373737376,222
3857280,Cameroon,win,Midfielder,0.42592592592592593,253
3857280,Cameroon,win,Forward,0.11952861952861953,71
3857280,Brazil,loss,Goalkeeper,0.04744958481613286,40
3857280,Brazil,loss,Defender,0.4389086595492289,370
3857280,Brazil,loss,Midfielder,0.2977461447212337,251
3857280,Brazil,loss,Forward,0.2158956109134045,182
3857279,France,win,Goalkeeper,0.02833158447009444,27
3857279,France,win,Defender,0.48163693599160545,459
3857279,France,win,Midfielder,0.3200419727177335,305
3857279,France,win,Forward,0.16998950682056663,162
3857279,Australia,loss,Goalkeeper,0.053445850914205346,38
3857279,Australia,loss,Defender,0.42616033755274263,303
3857279,Australia,loss,Midfielder,0.45147679324894513,321
3857279,Australia,loss,Forward,0.06891701828410689,49
3857262,South Korea,win,Goalkeeper,0.07568438003220612,47
3857262,South Korea,win,Defender,0.36231884057971014,225
3857262,South Korea,win,Midfielder,0.3413848631239936,212
3857262,South Korea,win,Forward,0.22061191626409019,137
3857262,Portugal,loss,Goalkeeper,0.041463414634146344,34
3857262,Portugal,loss,Defender,0.4548780487804878,373
3857262,Portugal,loss,Midfielder,0.3146341463414634,258
3857262,Portugal,loss,Forward,0.18902439024390244,155
